Model,Val MAE,Test MAE,Test RMSE,Test NASA Score
Linear Regression,12.415153982372125,14.735334144971567,18.063799634038276,530.830797572395
Ridge,14.538504647058366,16.140396788545196,19.62315156107792,678.0029391634029
Random Forest,9.594117764920354,10.839288309030744,14.394349303148477,317.8892074786265
Gradient Boosting,9.069803268583154,10.376349954724713,14.299158479764994,307.20659847529043
