MAE,RMSE,NASA_Score,name
11.196466827392578,14.787182620222183,319.3611265313538,LSTM_raw
10.632053127288819,14.36978056415505,342.1303235123437,LSTM_sg
13.516468105316163,17.4830774118436,688.5256585416262,CNN_LSTM_raw
11.094424667358398,15.119006472094481,445.47323050318624,CNN_LSTM_sg
