MAE,RMSE,NASA_Score,name
12.704909834861756,16.957775292054592,372.59082715676857,LSTM_raw
12.869390878677368,16.526738287158857,366.2479799378825,LSTM_sg
24.823218402862548,29.009550204682085,1718.4086647405568,CNN_LSTM_raw
24.756439781188966,31.02375886136104,2085.3473145822154,CNN_LSTM_sg
