{
  "ct_mae": 10.42370584487915,
  "ct_rmse": 14.38540778084227,
  "ct_nasa": 300.99922832404735,
  "uncertainty_error_corr": 0.47108438585204193,
  "mean_uncertainty": 9.663886070251465
}