{
  "ct_mae": 11.116567974090577,
  "ct_rmse": 14.941536832829678,
  "ct_nasa": 349.957270698348,
  "uncertainty_error_corr": 0.3722577170813606,
  "mean_uncertainty": 9.961867332458496
}