{
  "train_loss": [
    7790.867754255022,
    6465.958365304129,
    4085.5018092564173,
    1570.2125821794782,
    428.81753948756625,
    294.22997556413924,
    277.86508887154713,
    272.1878978184291,
    244.30730547223772,
    225.94655445643835,
    213.34235300336564,
    192.34790202549524,
    181.820684160505,
    171.13619831630163,
    174.0724034990583,
    173.03136702946253,
    157.45424815586634,
    148.09757573263985,
    150.32780865260534,
    151.3101568222046
  ],
  "val_loss": [
    6967.55224609375,
    5109.78076171875,
    2508.6528974260605,
    518.4242281232562,
    158.53696141924178,
    170.91717965262276,
    176.4544323512486,
    163.69710540771484,
    207.4099348613194,
    349.5157846723284,
    245.11285509381975,
    171.36131150381905,
    178.23528616768974,
    178.05764743259974,
    178.7824148450579,
    203.75046266828264,
    194.99635151454382,
    184.9601308277675,
    177.49300983973913,
    180.25812530517578
  ],
  "val_mae": [
    73.46002197265625,
    61.54069519042969,
    42.67522430419922,
    19.361347198486328,
    9.632561683654785,
    9.219210624694824,
    9.153889656066895,
    8.827320098876953,
    9.17529582977295,
    13.002218246459961,
    10.618535041809082,
    8.49071216583252,
    9.025861740112305,
    9.200339317321777,
    8.831582069396973,
    9.287123680114746,
    9.528101921081543,
    8.922100067138672,
    9.054428100585938,
    9.42493724822998
  ],
  "val_rmse": [
    84.23433685302734,
    72.1847915649414,
    50.58572769165039,
    23.015335083007812,
    12.700679779052734,
    13.130821228027344,
    13.313201904296875,
    12.854784965515137,
    14.507772445678711,
    18.61009979248047,
    15.48471736907959,
    13.232970237731934,
    13.418522834777832,
    13.48088264465332,
    13.466303825378418,
    14.328683853149414,
    14.001152992248535,
    13.7188720703125,
    13.450725555419922,
    13.461132049560547
  ]
}