{
  "train_loss": [
    7627.601449148996,
    5823.761457170759,
    3903.7763235909597,
    2376.0092010498047,
    1734.358119419643,
    1027.6761300223213,
    823.3494121006557,
    761.4228809901646,
    774.95983341762,
    764.772597176688,
    812.1218359810965,
    811.031373160226,
    730.0536368233817,
    750.8467330932617,
    734.0074179513114,
    755.2427673339844,
    788.3624605451312,
    761.7578114100864,
    729.0592150006976,
    735.5742928641183,
    720.7290703909738,
    718.2342572893415,
    704.9719674246652,
    697.533913748605,
    689.4041933332171,
    674.4397114345005,
    708.2350714547293,
    690.987799508231,
    701.4167556762695,
    701.4416253226144,
    710.6494151524136,
    704.2441101074219,
    695.8042433602469,
    699.1746695382254,
    710.7952194213867
  ],
  "val_loss": [
    6509.445931570871,
    4619.660295758928,
    2818.8052498953684,
    1790.0675484793526,
    976.1983947753906,
    623.3098569597516,
    528.4857177734375,
    1277.368861607143,
    496.09350149972096,
    583.7169734409878,
    505.5603921072824,
    468.4201322283064,
    520.6436091831753,
    449.4734682355608,
    492.6172191074916,
    480.479001726423,
    461.82029506138394,
    598.4323011125837,
    451.0271323067801,
    518.6458391462054,
    506.51497541155135,
    436.13394709995816,
    427.7410103934152,
    409.64422934395924,
    405.88567788260326,
    444.61297607421875,
    480.38463701520647,
    435.24605778285434,
    460.51202174595426,
    434.06443895612443,
    441.7783900669643,
    427.04827662876676,
    436.9733200073242,
    476.9410073416574,
    443.64235033307756
  ],
  "val_mae": [
    70.5457992553711,
    58.34260940551758,
    46.1591682434082,
    37.91664505004883,
    27.525833129882812,
    21.1203556060791,
    18.721349716186523,
    28.519140243530273,
    17.534860610961914,
    20.449081420898438,
    18.29564094543457,
    16.890417098999023,
    18.308269500732422,
    17.02242088317871,
    17.248748779296875,
    18.935028076171875,
    18.434913635253906,
    20.808917999267578,
    16.67398452758789,
    17.763887405395508,
    18.396774291992188,
    17.461795806884766,
    16.897371292114258,
    16.765478134155273,
    16.609107971191406,
    17.392471313476562,
    17.074533462524414,
    16.60630226135254,
    16.987686157226562,
    16.722871780395508,
    16.709692001342773,
    16.318696975708008,
    16.679882049560547,
    16.877662658691406,
    17.147991180419922
  ],
  "val_rmse": [
    81.4300537109375,
    68.6434555053711,
    53.58994674682617,
    42.35744857788086,
    31.540231704711914,
    25.06463623046875,
    23.05653190612793,
    35.96776580810547,
    22.306089401245117,
    24.365591049194336,
    22.518823623657227,
    21.710369110107422,
    23.013504028320312,
    21.248374938964844,
    22.232379913330078,
    22.036972045898438,
    21.59160804748535,
    24.539230346679688,
    21.431116104125977,
    22.852846145629883,
    22.637943267822266,
    20.97572898864746,
    20.785520553588867,
    20.349018096923828,
    20.232290267944336,
    21.161474227905273,
    22.07723617553711,
    21.00960922241211,
    21.566476821899414,
    20.966983795166016,
    21.123361587524414,
    20.79981803894043,
    21.03835105895996,
    21.94838523864746,
    21.15082550048828
  ]
}