{
  "train_loss": [
    7652.014317103794,
    6012.333653041294,
    3744.54092843192,
    1482.7775246756416,
    435.4575206211635,
    318.2222963060652,
    287.9542669568743,
    277.7679010118757,
    253.10360036577498,
    230.40660721915108,
    225.39517157418388,
    203.40372903006417,
    189.52542250497,
    167.13680199214392,
    162.3139043535505,
    163.49105290004186,
    160.28830501011439,
    154.00133514404297,
    146.39215905325753,
    140.2746535709926,
    139.20395238058907,
    137.21751294817244
  ],
  "val_loss": [
    6641.201014927456,
    4649.985011509487,
    2289.2238246372767,
    534.0924055916922,
    282.6816858564104,
    165.2606713431222,
    147.51140812465124,
    157.8031052180699,
    176.59704303741455,
    197.32506125313895,
    205.46405846732003,
    277.73728207179477,
    274.91967500959123,
    195.32674843924386,
    510.20525877816334,
    191.1842144557408,
    435.3659148897444,
    192.3655744280134,
    188.52355330330985,
    242.9006402151925,
    219.27931758335657,
    197.07109832763672
  ],
  "val_mae": [
    71.3848876953125,
    58.537017822265625,
    39.563194274902344,
    19.503698348999023,
    13.255861282348633,
    9.334235191345215,
    8.65428638458252,
    8.657692909240723,
    9.511140823364258,
    9.295700073242188,
    10.35543155670166,
    10.547717094421387,
    10.719316482543945,
    9.295979499816895,
    14.744657516479492,
    9.945846557617188,
    13.587176322937012,
    9.534523010253906,
    9.285138130187988,
    10.506444931030273,
    10.124618530273438,
    9.869518280029297
  ],
  "val_rmse": [
    82.24793243408203,
    68.86993408203125,
    48.31373977661133,
    23.356258392333984,
    16.910051345825195,
    12.854643821716309,
    12.242042541503906,
    12.678810119628906,
    13.342375755310059,
    14.095346450805664,
    14.410065650939941,
    16.601207733154297,
    16.56754493713379,
    14.070558547973633,
    22.546749114990234,
    13.832563400268555,
    20.806121826171875,
    13.95931339263916,
    13.847471237182617,
    15.581753730773926,
    14.80493450164795,
    14.097909927368164
  ]
}