{
  "train_loss": [
    7903.330383300781,
    6665.067190987723,
    5147.307390485491,
    3549.962411063058,
    2065.820870535714,
    970.0978993007114,
    574.8078111921038,
    468.17557416643416,
    413.0680830819266,
    396.4416138785226,
    392.8792179652623,
    376.1275269644601,
    351.71928569248746,
    344.6241351536342,
    304.3792007991246,
    313.73795536586215,
    289.5615950993129,
    295.977785382952,
    297.8153465815953,
    285.26652227129256
  ],
  "val_loss": [
    7074.966465541294,
    5677.348885672433,
    4124.592511858259,
    2587.8766653878347,
    1218.3045054844447,
    495.80710002354215,
    232.69436863490515,
    319.6695033482143,
    587.7506653921945,
    211.60415976388114,
    218.8929672241211,
    253.38594818115234,
    364.3166923522949,
    472.50557599748885,
    403.16467993600025,
    222.38511330740792,
    256.2988967895508,
    294.39372416904996,
    220.80974551609583,
    262.9518852233887
  ],
  "val_mae": [
    74.14104461669922,
    65.21443939208984,
    55.072628021240234,
    42.12697982788086,
    28.339895248413086,
    18.671098709106445,
    12.070551872253418,
    13.61214828491211,
    18.245086669921875,
    11.23401927947998,
    10.702394485473633,
    10.935565948486328,
    14.12427806854248,
    16.267114639282227,
    14.319336891174316,
    10.936750411987305,
    11.541359901428223,
    12.68101978302002,
    10.527026176452637,
    12.089309692382812
  ],
  "val_rmse": [
    84.87776184082031,
    76.07311248779297,
    64.86896514892578,
    51.37779998779297,
    35.27681350708008,
    22.50249481201172,
    15.363544464111328,
    18.05795669555664,
    24.51271629333496,
    14.641517639160156,
    14.88503360748291,
    16.032602310180664,
    19.267427444458008,
    21.901531219482422,
    20.186792373657227,
    15.033757209777832,
    16.137487411499023,
    17.31818389892578,
    14.989166259765625,
    16.361549377441406
  ]
}