{
  "train_loss": [
    7687.393607003348,
    5960.347743443081,
    4104.263266427176,
    2281.687990461077,
    1018.2564937046596,
    529.1765153067453,
    431.87077713012695,
    393.2617895943778,
    389.00474657331193,
    378.9646797180176,
    373.9997651236398,
    347.3278933933803,
    331.30579921177457,
    324.24964959280834,
    301.95631299700057,
    305.19538743155346,
    287.3694163731166,
    276.5144473484584
  ],
  "val_loss": [
    6591.584324428013,
    4793.581551688058,
    3007.3403756277903,
    1452.1141139439173,
    406.8674741472517,
    240.22876957484655,
    162.8012319292341,
    154.33161435808455,
    166.45649937220983,
    271.4551388876779,
    171.92345428466797,
    167.68275914873396,
    211.154114314488,
    174.22790445600236,
    196.50895282200403,
    298.63363701956615,
    176.85913358415877,
    192.20495550973075
  ],
  "val_mae": [
    71.07035064697266,
    59.480377197265625,
    47.45815658569336,
    31.274070739746094,
    16.740636825561523,
    12.824848175048828,
    10.128279685974121,
    9.708524703979492,
    9.992959976196289,
    12.499931335449219,
    10.060333251953125,
    9.216222763061523,
    11.194128036499023,
    9.537858009338379,
    10.141509056091309,
    12.975590705871582,
    9.672682762145996,
    9.66606616973877
  ],
  "val_rmse": [
    81.94163513183594,
    69.92250061035156,
    55.37112045288086,
    38.465736389160156,
    20.38286590576172,
    15.600394248962402,
    12.841973304748535,
    12.530231475830078,
    12.974747657775879,
    16.646602630615234,
    13.182353019714355,
    13.059342384338379,
    14.56777286529541,
    13.15645980834961,
    14.040377616882324,
    17.407121658325195,
    13.322051048278809,
    13.905221939086914
  ]
}