{
  "train_loss": [
    7431.405439104353,
    6017.151463099888,
    4541.364440917969,
    2850.848460606166,
    2035.144507271903,
    1573.1887751988002,
    894.2468392508371,
    774.424184526716,
    738.8113664899554,
    760.8134820120675,
    732.5683670043945,
    737.3925345284598,
    821.2840837751116,
    780.059587751116,
    794.7434049333845,
    752.6610292707171,
    745.9707652500698,
    782.9569974626813,
    724.2135053362165
  ],
  "val_loss": [
    6239.786394391741,
    5238.830548967634,
    3378.564679827009,
    2093.2950613839284,
    1761.4035906110491,
    826.771220615932,
    612.5999221801758,
    524.2818025861468,
    445.11790248325894,
    498.40724073137557,
    470.75412096296037,
    525.0054648263114,
    598.1012377057757,
    815.3209511893136,
    657.8356366838727,
    486.09437561035156,
    832.6870618547712,
    488.0078680855887,
    523.9558377947126
  ],
  "val_mae": [
    68.82396697998047,
    62.380435943603516,
    50.05118942260742,
    40.73820877075195,
    37.51266860961914,
    25.084537506103516,
    21.52830696105957,
    18.657329559326172,
    17.44748878479004,
    18.85777473449707,
    17.2587947845459,
    17.91714859008789,
    18.392196655273438,
    20.911806106567383,
    19.802444458007812,
    17.497472763061523,
    21.83814239501953,
    17.60916519165039,
    17.818674087524414
  ],
  "val_rmse": [
    79.73309326171875,
    73.08476257324219,
    58.70234680175781,
    46.04387283325195,
    41.96574401855469,
    28.95875358581543,
    24.980209350585938,
    22.750905990600586,
    21.093509674072266,
    22.4811954498291,
    21.858652114868164,
    23.10967254638672,
    24.3475284576416,
    28.440488815307617,
    25.85759925842285,
    22.112712860107422,
    28.775625228881836,
    22.0830135345459,
    22.736888885498047
  ]
}