{
  "train_loss": [
    7312.307102748326,
    4502.238900320871,
    2244.368453979492,
    1818.2640620640345,
    1413.8963721139091,
    666.7690244402204,
    544.4512274605887,
    416.23448399135043,
    405.4162935529436,
    387.2865856715611,
    346.4349114554269,
    332.707379749843,
    335.9814044407436,
    324.96402413504467,
    306.4061050415039,
    314.3611501966204,
    296.7145955221994,
    320.80733380998885,
    306.76696014404297,
    301.2560661860875,
    288.3682280949184,
    297.81556810651506,
    287.54062025887623,
    291.4680151258196,
    283.79608617510115,
    274.832829611642,
    284.1215509687151,
    270.87674767630443,
    286.55427496773854,
    273.57537378583635,
    266.12273815699984,
    287.36662319728305,
    275.68615422930037,
    268.53175163269043,
    274.5330238342285,
    263.26885986328125,
    265.8729419708252,
    276.743325642177,
    270.62576021466936,
    257.85992704119,
    255.75867543901717,
    258.02176094055176,
    246.53507505144393
  ],
  "val_loss": [
    5711.072117396763,
    2941.467228480748,
    1756.8612234933037,
    1745.097176688058,
    687.4149235316685,
    452.0695446559361,
    351.01504298618863,
    288.02358518327986,
    258.4048271179199,
    213.1928825378418,
    252.26653834751673,
    177.73580387660436,
    176.06015069144112,
    201.20861053466797,
    186.18075725010462,
    188.32171658107214,
    193.87485231672014,
    170.47423662458147,
    178.55370957510812,
    188.56096594674247,
    186.85464096069336,
    182.87453133719308,
    163.92001724243164,
    153.0085391998291,
    153.51689638410295,
    160.2517193385533,
    151.0960467202323,
    183.94912556239538,
    149.31610979352678,
    163.11828885759627,
    176.38096673148019,
    191.9072369166783,
    144.6302615574428,
    165.7350687299456,
    184.7097108023507,
    149.83982522147042,
    158.41012437003,
    173.162419455392,
    169.89992550441198,
    145.50445284162248,
    152.7338469369071,
    153.66550609043665,
    154.82281494140625
  ],
  "val_mae": [
    65.4313735961914,
    47.025115966796875,
    36.92538833618164,
    37.031166076660156,
    23.07815170288086,
    17.392658233642578,
    15.446638107299805,
    13.250761032104492,
    12.594144821166992,
    11.15945816040039,
    11.869597434997559,
    10.108199119567871,
    10.213617324829102,
    11.215662002563477,
    10.198342323303223,
    9.968779563903809,
    10.61266803741455,
    10.30522346496582,
    10.080244064331055,
    10.550985336303711,
    9.91342544555664,
    10.116703987121582,
    9.775655746459961,
    9.038248062133789,
    9.004413604736328,
    9.597892761230469,
    9.175646781921387,
    10.22450065612793,
    9.098041534423828,
    9.558524131774902,
    9.824919700622559,
    10.330062866210938,
    8.871316909790039,
    9.680804252624512,
    9.892290115356445,
    9.402085304260254,
    9.391145706176758,
    10.00222396850586,
    9.570758819580078,
    8.86742115020752,
    9.230095863342285,
    9.285709381103516,
    9.202263832092285
  ],
  "val_rmse": [
    76.29495239257812,
    54.7535400390625,
    41.763648986816406,
    41.682212829589844,
    26.42805290222168,
    21.4902400970459,
    18.866561889648438,
    17.1064395904541,
    16.216384887695312,
    14.70816421508789,
    15.94824504852295,
    13.406022071838379,
    13.352436065673828,
    14.284610748291016,
    13.758939743041992,
    13.821109771728516,
    14.038915634155273,
    13.135526657104492,
    13.418288230895996,
    13.8311767578125,
    13.762459754943848,
    13.615632057189941,
    12.906645774841309,
    12.468256950378418,
    12.49252986907959,
    12.743582725524902,
    12.372675895690918,
    13.625479698181152,
    12.296853065490723,
    12.861737251281738,
    13.38862419128418,
    13.903166770935059,
    12.101449012756348,
    12.897607803344727,
    13.6087064743042,
    12.300844192504883,
    12.631922721862793,
    13.22456169128418,
    13.054367065429688,
    12.101982116699219,
    12.420886993408203,
    12.486528396606445,
    12.520195007324219
  ]
}