{
  "train_loss": [
    7421.090270996094,
    4785.268153599331,
    2365.1645159040177,
    1834.573974609375,
    1619.7535291399274,
    705.5108942304339,
    512.0573888506208,
    429.7475389753069,
    395.71634565080916,
    373.3274018423898,
    357.255797794887,
    349.49133845738004,
    331.8595063345773,
    342.51302174159457,
    362.18278993879045,
    324.53112357003346,
    324.8865410940988,
    324.5945292881557,
    328.1048853737967,
    314.3022455487932,
    312.08714539664135,
    301.80663108825684,
    291.050694329398,
    282.3592368534633,
    300.9669647216797,
    286.7205287388393,
    276.6677148001535,
    292.9408825465611,
    299.58970751081193,
    277.9922430855887,
    270.432464327131,
    274.5580384390695,
    264.3556286948068,
    266.4332536969866,
    268.0752639770508,
    270.73170253208707,
    267.5668727329799,
    260.83277947562084,
    271.6109003339495,
    268.1940471104213,
    273.70543997628346,
    266.43784632001604,
    276.81554167611256,
    266.72233036586215,
    260.8835506439209,
    258.33128656659807,
    258.35302652631486,
    265.8464194706508,
    264.55326543535506,
    263.8054926736014
  ],
  "val_loss": [
    5956.763235909598,
    3183.46036202567,
    1750.31005859375,
    1749.1822945731026,
    799.4589712960379,
    369.33603123256137,
    333.2027838570731,
    258.398569379534,
    207.26138414655412,
    190.53914042881556,
    184.77930777413505,
    181.21025357927596,
    198.59305790492468,
    229.31886563982283,
    174.21751512799943,
    181.96138545445032,
    158.96367808750696,
    185.46918051583427,
    176.02814756120955,
    174.97562898908342,
    185.837397984096,
    157.56735774448939,
    155.82824652535575,
    222.29781232561385,
    175.92597361973353,
    156.52994782584054,
    165.22595160348075,
    169.4504179273333,
    181.66879817417689,
    153.57388033185686,
    168.3080166407994,
    154.04091262817383,
    161.10723005022322,
    148.38651548113143,
    161.69976098196847,
    161.98714447021484,
    147.39002881731307,
    160.37552915300643,
    202.1026371547154,
    147.11352866036552,
    157.48217282976424,
    153.47349521092005,
    169.3048918587821,
    154.57628577096122,
    153.23266547066825,
    145.31915555681502,
    145.75895363943917,
    155.13143948146276,
    150.28656714303153,
    166.48389162336076
  ],
  "val_mae": [
    67.0108413696289,
    48.710052490234375,
    37.09364700317383,
    37.165870666503906,
    24.371315002441406,
    16.35306167602539,
    14.876922607421875,
    13.053223609924316,
    11.367024421691895,
    10.9124755859375,
    10.776042938232422,
    10.182297706604004,
    10.414995193481445,
    11.691113471984863,
    10.087998390197754,
    10.112886428833008,
    9.819206237792969,
    9.97856330871582,
    9.863082885742188,
    9.858803749084473,
    10.381430625915527,
    9.499491691589355,
    9.142313003540039,
    11.28772258758545,
    9.929737091064453,
    8.969070434570312,
    9.43958854675293,
    9.465867042541504,
    10.184746742248535,
    9.098520278930664,
    9.597611427307129,
    9.15257740020752,
    9.178988456726074,
    9.154519081115723,
    9.602195739746094,
    9.318726539611816,
    9.10926628112793,
    9.577513694763184,
    10.583864212036133,
    8.891376495361328,
    9.595561981201172,
    9.336674690246582,
    9.81685733795166,
    9.25158405303955,
    9.488719940185547,
    8.914168357849121,
    8.741667747497559,
    9.464089393615723,
    9.075180053710938,
    9.631171226501465
  ],
  "val_rmse": [
    77.91255187988281,
    56.97549819946289,
    41.73487091064453,
    41.74509048461914,
    28.446237564086914,
    19.33260726928711,
    18.421798706054688,
    16.209077835083008,
    14.509073257446289,
    13.856890678405762,
    13.650854110717773,
    13.51517105102539,
    14.137614250183105,
    15.239302635192871,
    13.2427978515625,
    13.552846908569336,
    12.692463874816895,
    13.700976371765137,
    13.322211265563965,
    13.300561904907227,
    13.750924110412598,
    12.606657981872559,
    12.552985191345215,
    14.97995376586914,
    13.34920597076416,
    12.595087051391602,
    12.923481941223145,
    13.11288833618164,
    13.553900718688965,
    12.460362434387207,
    13.042556762695312,
    12.510634422302246,
    12.793221473693848,
    12.264972686767578,
    12.79221248626709,
    12.824466705322266,
    12.215076446533203,
    12.759625434875488,
    14.342696189880371,
    12.212285995483398,
    12.621183395385742,
    12.468962669372559,
    13.11668872833252,
    12.526802062988281,
    12.44629955291748,
    12.099386215209961,
    12.155525207519531,
    12.558645248413086,
    12.349313735961914,
    13.002545356750488
  ]
}