{
  "train_loss": [
    7608.385201590402,
    5524.227011544363,
    3215.486297607422,
    1954.0551343645368,
    1539.7879202706474,
    651.5272854396275,
    485.4464906964983,
    439.84132657732283,
    402.67425755092074,
    395.62514550345287,
    388.98490197317943,
    376.858222416469,
    350.3007572719029,
    357.65911647251676,
    360.37796674455916,
    338.67692947387695,
    317.0990644182478,
    322.2960880824498,
    316.38654136657715,
    317.65988949366977,
    311.09212602887834,
    300.4091510772705,
    297.66682406834195,
    303.5693318503244,
    304.6574241093227,
    293.8913288116455,
    285.72927720206127,
    285.27656527927945,
    285.28248759678434,
    288.67762456621443,
    282.7895077296666,
    276.630820955549,
    282.55645506722584,
    283.17529324122836,
    278.4093905857631,
    272.015750340053,
    280.17704636710033,
    275.45700209481373,
    279.61844744001115,
    270.5839252471924,
    273.1343631744385,
    271.835761478969,
    267.36140877859935,
    265.43709100995744,
    263.80504935128346,
    260.99671936035156,
    265.2656993865967,
    263.28531973702565,
    257.158967426845,
    263.9000290461949
  ],
  "val_loss": [
    6394.801522391183,
    4110.456926618303,
    2141.302071707589,
    1748.4812970842634,
    805.1015145438058,
    458.00545828683033,
    237.76012529645647,
    199.25699724469865,
    220.59183611188615,
    209.64687020438058,
    197.77593449183874,
    220.10882840837752,
    198.2129075186593,
    178.86859566824776,
    190.17093876429968,
    190.36928067888533,
    175.85088402884347,
    177.81045423235213,
    174.36288724626814,
    161.60051155090332,
    163.88598578316825,
    180.39932141985213,
    174.88422557285853,
    174.49602454049247,
    162.2832919529506,
    212.1734561920166,
    158.27336175101144,
    155.88012531825476,
    166.37973022460938,
    153.98856925964355,
    159.4635227748326,
    178.06494958060128,
    154.26030022757394,
    150.12568392072404,
    154.79672622680664,
    148.92125974382674,
    171.71521377563477,
    151.1741670880999,
    177.8372083391462,
    170.9490623474121,
    152.74504334586007,
    149.92439678737097,
    165.5206298828125,
    152.40144402640206,
    144.75566046578544,
    151.0320587158203,
    167.69383539472307,
    147.47448185512,
    149.41820934840612,
    166.52586964198522
  ],
  "val_mae": [
    69.81462860107422,
    54.97972869873047,
    41.12520980834961,
    37.11772918701172,
    23.506376266479492,
    17.640100479125977,
    12.640349388122559,
    10.914670944213867,
    11.4887113571167,
    10.694430351257324,
    11.058900833129883,
    10.957978248596191,
    10.69572925567627,
    10.227795600891113,
    10.458037376403809,
    10.337777137756348,
    10.111478805541992,
    10.192358016967773,
    10.04771900177002,
    9.221293449401855,
    9.626849174499512,
    10.124856948852539,
    10.303924560546875,
    10.168933868408203,
    9.51657772064209,
    10.617456436157227,
    9.433817863464355,
    9.230454444885254,
    10.004364013671875,
    9.279153823852539,
    9.439249038696289,
    9.902355194091797,
    9.30535888671875,
    8.993475914001465,
    9.155659675598145,
    9.121515274047852,
    9.421740531921387,
    8.971426010131836,
    10.073412895202637,
    9.62658977508545,
    9.181417465209961,
    8.82255744934082,
    9.731066703796387,
    9.022055625915527,
    8.958844184875488,
    8.981247901916504,
    9.608558654785156,
    8.921865463256836,
    9.035979270935059,
    9.419771194458008
  ],
  "val_rmse": [
    80.7136001586914,
    64.75621032714844,
    46.585540771484375,
    41.728580474853516,
    28.507274627685547,
    21.52102279663086,
    15.481823921203613,
    14.177928924560547,
    14.902632713317871,
    14.503101348876953,
    14.14533805847168,
    14.844943046569824,
    14.114245414733887,
    13.446969032287598,
    13.884058952331543,
    13.835336685180664,
    13.34802532196045,
    13.431726455688477,
    13.293757438659668,
    12.809497833251953,
    12.90025806427002,
    13.542983055114746,
    13.257511138916016,
    13.268402099609375,
    12.830960273742676,
    14.710397720336914,
    12.650352478027344,
    12.559956550598145,
    12.939043045043945,
    12.507894515991211,
    12.706780433654785,
    13.44180679321289,
    12.506775856018066,
    12.339277267456055,
    12.54787826538086,
    12.300508499145508,
    13.205572128295898,
    12.384760856628418,
    13.421428680419922,
    13.17482852935791,
    12.460375785827637,
    12.305791854858398,
    12.910818099975586,
    12.416611671447754,
    12.102359771728516,
    12.362610816955566,
    13.042963027954102,
    12.227927207946777,
    12.272629737854004,
    12.971131324768066
  ]
}