{
  "train_loss": [
    7740.458199637277,
    5650.589712960379,
    3281.553379603795,
    1975.2064426967077,
    1707.8489794049945,
    967.4012832641602,
    645.534608568464,
    543.3607117789132,
    438.9260063171387,
    432.9825575692313,
    426.88052095685686,
    373.22329330444336,
    363.38302939278736,
    348.8222500937326,
    366.7005261012486,
    357.94470487322127,
    343.61132104056225,
    349.5633092607771,
    344.6555944170271,
    313.41413497924805,
    320.55142974853516,
    326.3283587864467,
    305.5432300567627,
    296.1856493268694,
    295.2112293243408
  ],
  "val_loss": [
    6563.392761230469,
    4199.2037353515625,
    2183.294852120536,
    1753.6699480329241,
    1402.0527648925781,
    535.8090209960938,
    320.7351973397391,
    355.7546839032854,
    242.6131308419364,
    260.57963943481445,
    194.39994648524694,
    198.85436085292272,
    183.27865273611886,
    185.00369480678015,
    162.11542184012276,
    196.1674028124128,
    244.57936368669783,
    326.22205134800504,
    176.77394921439034,
    165.562684740339,
    215.19671957833427,
    165.8383298601423,
    168.12437902178084,
    182.829710824149,
    175.36791501726424
  ],
  "val_mae": [
    70.88995361328125,
    55.569618225097656,
    41.45933151245117,
    37.06491470336914,
    32.22227478027344,
    19.673830032348633,
    15.30627155303955,
    15.232095718383789,
    12.320771217346191,
    11.725939750671387,
    10.643474578857422,
    10.836078643798828,
    10.62453842163086,
    10.462054252624512,
    9.363438606262207,
    10.288322448730469,
    11.309236526489258,
    13.576760292053223,
    10.479412078857422,
    9.767030715942383,
    11.152310371398926,
    9.648900985717773,
    9.545258522033691,
    9.895556449890137,
    9.813030242919922
  ],
  "val_rmse": [
    81.76712799072266,
    65.4524917602539,
    47.05094528198242,
    41.751060485839844,
    37.65188980102539,
    23.357913970947266,
    18.06247901916504,
    18.944860458374023,
    15.682625770568848,
    16.23155403137207,
    14.022393226623535,
    14.117344856262207,
    13.603378295898438,
    13.616305351257324,
    12.801090240478516,
    14.046192169189453,
    15.69548225402832,
    18.182233810424805,
    13.323994636535645,
    12.954133033752441,
    14.79875659942627,
    12.983878135681152,
    13.082755088806152,
    13.47237491607666,
    13.309714317321777
  ]
}