{
  "train_loss": [
    7506.717956542969,
    4960.33445085798,
    2615.9024592808314,
    1858.6910138811384,
    1853.1868482317243,
    1254.3858228410993,
    814.8146678379604,
    592.4832382202148,
    506.046498979841,
    420.21128736223494,
    399.49476678030834,
    379.31117248535156,
    370.2370485578264,
    347.1171221051897,
    355.98361260550365,
    333.22676031930104,
    326.71488080705916,
    324.1410037449428,
    324.6576715196882,
    312.06774166652133,
    315.258432660784,
    315.8459322793143,
    300.8869571685791,
    297.1537243979318,
    308.87140464782715,
    289.1167428152902,
    281.01863397870744,
    275.2628604343959,
    294.1985767909459,
    275.2473918369838,
    270.8375410352434,
    279.3473668779646,
    279.1550521850586,
    269.7624637058803,
    259.26514625549316,
    268.89406176975797,
    261.8433415549142,
    261.9259842463902,
    264.5276633671352,
    260.3576349530901,
    263.9521909441267,
    257.82339722769603,
    257.13224084036693,
    253.76874324253626,
    259.0464221409389,
    254.2328886304583
  ],
  "val_loss": [
    6035.219377790178,
    3450.174852643694,
    1790.4791782924108,
    1753.6375819614955,
    1717.438188825335,
    726.6776798793247,
    608.0624531337193,
    337.5801920209612,
    270.4383632114955,
    220.84385463169642,
    359.39782115391324,
    210.3884675162179,
    180.42367608206612,
    214.8772315979004,
    197.43824659075057,
    158.47813006809778,
    165.69315828595842,
    199.6476767403739,
    152.05225971766882,
    164.69583020891463,
    158.97286796569824,
    173.05134854997908,
    155.8926649093628,
    165.74022483825684,
    164.48434012276786,
    153.15992300851005,
    156.002231325422,
    144.33904893057687,
    165.57972390311105,
    169.08641924176897,
    184.42535781860352,
    146.04937880379813,
    146.27171080453056,
    157.6462118966239,
    140.7518801007952,
    138.00147819519043,
    140.62452016557967,
    139.77165603637695,
    152.7262120928083,
    146.7567561013358,
    168.29095813206263,
    147.33648899623327,
    144.5895652770996,
    152.84735379900252,
    141.16985430036272,
    148.61923108782088
  ],
  "val_mae": [
    67.51422882080078,
    50.54093933105469,
    37.90553665161133,
    37.0775032043457,
    36.82011413574219,
    22.768653869628906,
    19.807619094848633,
    15.30197525024414,
    13.310883522033691,
    11.92186164855957,
    14.340326309204102,
    10.703514099121094,
    9.936808586120605,
    10.610563278198242,
    11.167194366455078,
    9.505082130432129,
    9.694788932800293,
    10.708353996276855,
    9.465051651000977,
    10.154806137084961,
    9.30517578125,
    9.65506362915039,
    8.5526704788208,
    8.955057144165039,
    9.514250755310059,
    8.939144134521484,
    9.108206748962402,
    8.885601043701172,
    9.618229866027832,
    9.343179702758789,
    9.669681549072266,
    8.953575134277344,
    8.995899200439453,
    9.065837860107422,
    8.656632423400879,
    8.372237205505371,
    8.73544979095459,
    8.521038055419922,
    9.16640853881836,
    8.611248016357422,
    9.757547378540039,
    8.962660789489746,
    8.824281692504883,
    9.19226360321045,
    8.81197738647461,
    9.108118057250977
  ],
  "val_rmse": [
    78.42371368408203,
    59.32426071166992,
    42.34746170043945,
    41.75356674194336,
    41.3505859375,
    27.172388076782227,
    24.77740478515625,
    18.540225982666016,
    16.567947387695312,
    14.957351684570312,
    18.954885482788086,
    14.536513328552246,
    13.516182899475098,
    14.72945785522461,
    14.137807846069336,
    12.657456398010254,
    12.967130661010742,
    14.1430082321167,
    12.402623176574707,
    12.92955207824707,
    12.715052604675293,
    13.255452156066895,
    12.528458595275879,
    12.91517162322998,
    12.836012840270996,
    12.410594940185547,
    12.524564743041992,
    12.106072425842285,
    12.948959350585938,
    13.119927406311035,
    13.593253135681152,
    12.143501281738281,
    12.1900634765625,
    12.630581855773926,
    11.94804859161377,
    11.84498119354248,
    11.941954612731934,
    11.917332649230957,
    12.464351654052734,
    12.166040420532227,
    13.084883689880371,
    12.213629722595215,
    12.099908828735352,
    12.462821006774902,
    11.925349235534668,
    12.272006034851074
  ]
}