{
  "train_loss": [
    7622.700299944197,
    5200.15984235491,
    2782.8834381103516,
    1867.9423174176898,
    1776.425517490932,
    1254.6497007097516,
    681.5246451241629,
    547.7112977164132,
    506.82844979422435,
    413.1198648725237,
    386.437255859375,
    411.0485360281808,
    358.9215139661516,
    342.62170846121654,
    330.18461200169156,
    333.11534309387207,
    314.0541951315744,
    314.38249370029996,
    313.56583758762906,
    314.912759235927,
    299.7006577083043,
    306.7891044616699,
    295.2681042807443,
    289.0811985560826,
    303.9358869280134,
    294.96204103742326,
    286.7731813703264,
    280.54695538112094,
    273.1110371180943,
    285.896511895316,
    290.1677556719099,
    281.55270031520297,
    281.2420343671526,
    276.0903985159738,
    274.6636968340193,
    272.04609979901994,
    282.65944944109236,
    262.6311561039516,
    253.97005898611886,
    261.6775027683803,
    254.27179527282715,
    257.59659794398715,
    257.8687888554164,
    250.02056639535087,
    250.4765886579241,
    246.69756644112724,
    250.4056282043457,
    246.20776094709123
  ],
  "val_loss": [
    6251.877764020647,
    3669.1454249790736,
    1860.88578578404,
    1752.3032052176338,
    1507.670200892857,
    654.9299708775112,
    422.87490735735213,
    379.6350217546736,
    254.40657697405135,
    216.7830298287528,
    368.6055657523019,
    242.9079578944615,
    203.43864059448242,
    175.29795128958565,
    171.47672271728516,
    165.91735185895647,
    189.6243852887835,
    298.12948935372486,
    164.8703498840332,
    160.03991072518485,
    180.2888295309884,
    167.14770180838448,
    152.6140248434884,
    181.8625946044922,
    149.87163489205497,
    172.8041534423828,
    147.2340202331543,
    147.4770461491176,
    194.72664369855607,
    152.3574551173619,
    142.6902059827532,
    150.20434842790877,
    168.08284051077706,
    153.6736262185233,
    147.35433415004186,
    195.89533124651228,
    171.83314078194755,
    135.47791835239954,
    165.70619038173132,
    147.52581078665597,
    144.51040594918388,
    141.59287043980189,
    145.026921408517,
    176.83383069719588,
    139.01556205749512,
    143.1342991420201,
    137.84087262834822,
    136.2429588862828
  ],
  "val_mae": [
    68.90055084228516,
    52.02522277832031,
    38.68964767456055,
    37.15122604370117,
    34.78208541870117,
    22.464609146118164,
    17.83013153076172,
    15.639245986938477,
    12.961508750915527,
    11.303413391113281,
    14.32897663116455,
    11.637866973876953,
    10.527604103088379,
    9.971046447753906,
    9.689684867858887,
    9.500541687011719,
    10.007420539855957,
    13.54338550567627,
    9.521239280700684,
    9.433136940002441,
    9.592772483825684,
    9.814484596252441,
    9.133058547973633,
    10.145975112915039,
    9.307648658752441,
    10.062673568725586,
    9.325235366821289,
    9.42704963684082,
    10.688783645629883,
    8.904470443725586,
    8.529290199279785,
    8.839744567871094,
    9.935035705566406,
    9.37446403503418,
    8.921088218688965,
    10.620243072509766,
    9.808847427368164,
    8.324155807495117,
    9.776643753051758,
    9.103599548339844,
    9.019159317016602,
    9.082819938659668,
    8.836369514465332,
    10.011120796203613,
    8.463754653930664,
    8.744586944580078,
    8.579557418823242,
    8.463788032531738
  ],
  "val_rmse": [
    79.81246185302734,
    61.18181228637695,
    43.2641487121582,
    41.759193420410156,
    38.827171325683594,
    25.847549438476562,
    20.602642059326172,
    19.625774383544922,
    16.073976516723633,
    14.797304153442383,
    19.337963104248047,
    15.637762069702148,
    14.288846015930176,
    13.309547424316406,
    13.165119171142578,
    12.965765953063965,
    13.827510833740234,
    17.359376907348633,
    12.95307731628418,
    12.767354965209961,
    13.45164680480957,
    13.04704761505127,
    12.441452026367188,
    13.57235050201416,
    12.316944122314453,
    13.233500480651855,
    12.208361625671387,
    12.232375144958496,
    14.076248168945312,
    12.426984786987305,
    12.049331665039062,
    12.362781524658203,
    13.053869247436523,
    12.439327239990234,
    12.189342498779297,
    14.116029739379883,
    13.175545692443848,
    11.742295265197754,
    12.971161842346191,
    12.250038146972656,
    12.059144973754883,
    11.964900970458984,
    12.128748893737793,
    13.376016616821289,
    11.827264785766602,
    12.016566276550293,
    11.83128833770752,
    11.756011962890625
  ]
}